num_a,num_b,num_c,conta,resultado da operacao,quantidade de digitos
76,27,93,76 * (27 + 93) = ?,9120,2 dígitos
67,96,57,67 * (96 + 57) = ?,10251,2 dígitos
83,42,56,83 * (42 + 56) = ?,8134,2 dígitos
35,93,88,35 * (93 + 88) = ?,6335,2 dígitos
46,90,78,46 * (90 + 78) = ?,7728,2 dígitos
59,65,77,59 * (65 + 77) = ?,8378,2 dígitos
12,94,49,12 * (94 + 49) = ?,1716,2 dígitos
76,94,57,76 * (94 + 57) = ?,11476,2 dígitos
71,58,17,71 * (58 + 17) = ?,5325,2 dígitos
62,95,37,62 * (95 + 37) = ?,8184,2 dígitos
44,86,50,44 * (86 + 50) = ?,5984,2 dígitos
13,79,74,13 * (79 + 74) = ?,1989,2 dígitos
85,44,68,85 * (44 + 68) = ?,9520,2 dígitos
20,32,87,20 * (32 + 87) = ?,2380,2 dígitos
28,25,37,28 * (25 + 37) = ?,1736,2 dígitos
40,62,80,40 * (62 + 80) = ?,5680,2 dígitos
36,90,16,36 * (90 + 16) = ?,3816,2 dígitos
24,85,64,24 * (85 + 64) = ?,3576,2 dígitos
81,11,53,81 * (11 + 53) = ?,5184,2 dígitos
68,65,35,68 * (65 + 35) = ?,6800,2 dígitos
60,94,66,60 * (94 + 66) = ?,9600,2 dígitos
59,22,28,59 * (22 + 28) = ?,2950,2 dígitos
91,11,61,91 * (11 + 61) = ?,6552,2 dígitos
54,58,66,54 * (58 + 66) = ?,6696,2 dígitos
59,96,13,59 * (96 + 13) = ?,6431,2 dígitos
77,21,31,77 * (21 + 31) = ?,4004,2 dígitos
99,13,21,99 * (13 + 21) = ?,3366,2 dígitos
13,16,19,13 * (16 + 19) = ?,455,2 dígitos
97,24,93,97 * (24 + 93) = ?,11349,2 dígitos
80,22,64,80 * (22 + 64) = ?,6880,2 dígitos
37,48,27,37 * (48 + 27) = ?,2775,2 dígitos
71,84,75,71 * (84 + 75) = ?,11289,2 dígitos
57,26,15,57 * (26 + 15) = ?,2337,2 dígitos
96,56,25,96 * (56 + 25) = ?,7776,2 dígitos
69,50,35,69 * (50 + 35) = ?,5865,2 dígitos
55,59,10,55 * (59 + 10) = ?,3795,2 dígitos
45,39,11,45 * (39 + 11) = ?,2250,2 dígitos
93,78,40,93 * (78 + 40) = ?,10974,2 dígitos
17,70,75,17 * (70 + 75) = ?,2465,2 dígitos
86,77,54,86 * (77 + 54) = ?,11266,2 dígitos
61,17,98,61 * (17 + 98) = ?,7015,2 dígitos
80,23,38,80 * (23 + 38) = ?,4880,2 dígitos
73,94,46,73 * (94 + 46) = ?,10220,2 dígitos
50,98,73,50 * (98 + 73) = ?,8550,2 dígitos
68,87,18,68 * (87 + 18) = ?,7140,2 dígitos
88,16,75,88 * (16 + 75) = ?,8008,2 dígitos
80,50,84,80 * (50 + 84) = ?,10720,2 dígitos
86,86,35,86 * (86 + 35) = ?,10406,2 dígitos
17,23,54,17 * (23 + 54) = ?,1309,2 dígitos
11,51,88,11 * (51 + 88) = ?,1529,2 dígitos
540,571,675,540 * (571 + 675) = ?,672840,3 dígitos
581,615,117,581 * (615 + 117) = ?,425292,3 dígitos
188,850,315,188 * (850 + 315) = ?,219020,3 dígitos
297,709,662,297 * (709 + 662) = ?,407187,3 dígitos
457,230,758,457 * (230 + 758) = ?,451516,3 dígitos
914,657,630,914 * (657 + 630) = ?,1176318,3 dígitos
575,786,603,575 * (786 + 603) = ?,798675,3 dígitos
173,674,807,173 * (674 + 807) = ?,256213,3 dígitos
751,510,192,751 * (510 + 192) = ?,527202,3 dígitos
559,999,657,559 * (999 + 657) = ?,925704,3 dígitos
734,542,287,734 * (542 + 287) = ?,608486,3 dígitos
507,381,895,507 * (381 + 895) = ?,646932,3 dígitos
541,722,607,541 * (722 + 607) = ?,718989,3 dígitos
359,711,818,359 * (711 + 818) = ?,548911,3 dígitos
441,602,532,441 * (602 + 532) = ?,500094,3 dígitos
412,955,712,412 * (955 + 712) = ?,686804,3 dígitos
425,212,412,425 * (212 + 412) = ?,265200,3 dígitos
672,749,294,672 * (749 + 294) = ?,700896,3 dígitos
773,169,736,773 * (169 + 736) = ?,699565,3 dígitos
493,307,351,493 * (307 + 351) = ?,324394,3 dígitos
640,422,110,640 * (422 + 110) = ?,340480,3 dígitos
840,871,871,840 * (871 + 871) = ?,1463280,3 dígitos
891,831,795,891 * (831 + 795) = ?,1448766,3 dígitos
390,393,405,390 * (393 + 405) = ?,311220,3 dígitos
955,953,765,955 * (953 + 765) = ?,1640690,3 dígitos
501,286,294,501 * (286 + 294) = ?,290580,3 dígitos
401,110,236,401 * (110 + 236) = ?,138746,3 dígitos
857,381,455,857 * (381 + 455) = ?,716452,3 dígitos
679,727,421,679 * (727 + 421) = ?,779492,3 dígitos
619,554,967,619 * (554 + 967) = ?,941499,3 dígitos
325,779,320,325 * (779 + 320) = ?,357175,3 dígitos
522,237,268,522 * (237 + 268) = ?,263610,3 dígitos
589,424,606,589 * (424 + 606) = ?,606670,3 dígitos
315,844,505,315 * (844 + 505) = ?,424935,3 dígitos
701,918,144,701 * (918 + 144) = ?,744462,3 dígitos
704,439,437,704 * (439 + 437) = ?,616704,3 dígitos
483,208,673,483 * (208 + 673) = ?,425523,3 dígitos
972,347,859,972 * (347 + 859) = ?,1172232,3 dígitos
114,635,930,114 * (635 + 930) = ?,178410,3 dígitos
729,692,852,729 * (692 + 852) = ?,1125576,3 dígitos
338,252,226,338 * (252 + 226) = ?,161564,3 dígitos
243,564,739,243 * (564 + 739) = ?,316629,3 dígitos
594,696,847,594 * (696 + 847) = ?,916542,3 dígitos
851,318,985,851 * (318 + 985) = ?,1108853,3 dígitos
616,249,644,616 * (249 + 644) = ?,550088,3 dígitos
523,485,966,523 * (485 + 966) = ?,758873,3 dígitos
206,566,715,206 * (566 + 715) = ?,263886,3 dígitos
958,459,519,958 * (459 + 519) = ?,936924,3 dígitos
670,869,588,670 * (869 + 588) = ?,976190,3 dígitos
536,273,890,536 * (273 + 890) = ?,623368,3 dígitos
9522,3543,4875,9522 * (3543 + 4875) = ?,80156196,4 dígitos
1881,8207,4573,1881 * (8207 + 4573) = ?,24039180,4 dígitos
6971,5982,4101,6971 * (5982 + 4101) = ?,70288593,4 dígitos
8187,9485,9325,8187 * (9485 + 9325) = ?,153997470,4 dígitos
8249,9801,7621,8249 * (9801 + 7621) = ?,143714078,4 dígitos
5550,3490,6533,5550 * (3490 + 6533) = ?,55627650,4 dígitos
4358,7583,9656,4358 * (7583 + 9656) = ?,75127562,4 dígitos
4084,6722,8568,4084 * (6722 + 8568) = ?,62444360,4 dígitos
4622,2543,7309,4622 * (2543 + 7309) = ?,45535944,4 dígitos
9206,8087,6182,9206 * (8087 + 6182) = ?,131360414,4 dígitos
8229,9553,4078,8229 * (9553 + 4078) = ?,112169499,4 dígitos
4940,3289,7086,4940 * (3289 + 7086) = ?,51252500,4 dígitos
4937,8427,2128,4937 * (8427 + 2128) = ?,52110035,4 dígitos
2662,8294,7477,2662 * (8294 + 7477) = ?,41982402,4 dígitos
3654,8793,5610,3654 * (8793 + 5610) = ?,52628562,4 dígitos
1672,5050,3999,1672 * (5050 + 3999) = ?,15129928,4 dígitos
3425,5867,2759,3425 * (5867 + 2759) = ?,29544050,4 dígitos
6353,5976,2755,6353 * (5976 + 2755) = ?,55468043,4 dígitos
3159,2557,3747,3159 * (2557 + 3747) = ?,19914336,4 dígitos
7943,5166,7733,7943 * (5166 + 7733) = ?,102456757,4 dígitos
4261,5344,8384,4261 * (5344 + 8384) = ?,58495008,4 dígitos
4295,1016,6594,4295 * (1016 + 6594) = ?,32684950,4 dígitos
3945,6255,3341,3945 * (6255 + 3341) = ?,37856220,4 dígitos
4839,5976,1191,4839 * (5976 + 1191) = ?,34681113,4 dígitos
8908,8454,2235,8908 * (8454 + 2235) = ?,95217612,4 dígitos
1113,3446,8864,1113 * (3446 + 8864) = ?,13701030,4 dígitos
8424,9281,3625,8424 * (9281 + 3625) = ?,108720144,4 dígitos
6397,5028,7139,6397 * (5028 + 7139) = ?,77832299,4 dígitos
5636,5904,4092,5636 * (5904 + 4092) = ?,56337456,4 dígitos
7582,6880,5703,7582 * (6880 + 5703) = ?,95404306,4 dígitos
8790,3599,9473,8790 * (3599 + 9473) = ?,114902880,4 dígitos
1687,8391,7688,1687 * (8391 + 7688) = ?,27125273,4 dígitos
2100,7085,3917,2100 * (7085 + 3917) = ?,23104200,4 dígitos
3751,3778,9423,3751 * (3778 + 9423) = ?,49516951,4 dígitos
4273,2326,8554,4273 * (2326 + 8554) = ?,46490240,4 dígitos
4121,3557,6616,4121 * (3557 + 6616) = ?,41922933,4 dígitos
7546,5007,1922,7546 * (5007 + 1922) = ?,52286234,4 dígitos
4306,6746,5201,4306 * (6746 + 5201) = ?,51443782,4 dígitos
5591,4665,5756,5591 * (4665 + 5756) = ?,58263811,4 dígitos
9986,4963,9487,9986 * (4963 + 9487) = ?,144297700,4 dígitos
4892,9911,3174,4892 * (9911 + 3174) = ?,64011820,4 dígitos
5360,3046,2282,5360 * (3046 + 2282) = ?,28558080,4 dígitos
3871,1180,3819,3871 * (1180 + 3819) = ?,19351129,4 dígitos
4367,3880,6325,4367 * (3880 + 6325) = ?,44565235,4 dígitos
9006,7173,7182,9006 * (7173 + 7182) = ?,129281130,4 dígitos
8887,9224,9700,8887 * (9224 + 9700) = ?,168177588,4 dígitos
9626,3483,7857,9626 * (3483 + 7857) = ?,109158840,4 dígitos
8095,2649,5321,8095 * (2649 + 5321) = ?,64517150,4 dígitos
4860,3578,4132,4860 * (3578 + 4132) = ?,37470600,4 dígitos
9635,5731,8636,9635 * (5731 + 8636) = ?,138426045,4 dígitos
64168,17699,88964,64168 * (17699 + 88964) = ?,6844351384,5 dígitos
77737,75662,61175,77737 * (75662 + 61175) = ?,10637297869,5 dígitos
33623,44292,70871,33623 * (44292 + 70871) = ?,3872125549,5 dígitos
32776,63648,22871,32776 * (63648 + 22871) = ?,2835746744,5 dígitos
65470,38587,42959,65470 * (38587 + 42959) = ?,5338816620,5 dígitos
34989,32646,20580,34989 * (32646 + 20580) = ?,1862324514,5 dígitos
41793,10545,22007,41793 * (10545 + 22007) = ?,1360445736,5 dígitos
10268,43223,30265,10268 * (43223 + 30265) = ?,754574784,5 dígitos
36877,90429,98868,36877 * (90429 + 98868) = ?,6980705469,5 dígitos
99447,91639,46329,99447 * (91639 + 46329) = ?,13720503696,5 dígitos
82635,10713,50078,82635 * (10713 + 50078) = ?,5023464285,5 dígitos
74404,58853,96024,74404 * (58853 + 96024) = ?,11523468308,5 dígitos
75177,74332,41477,75177 * (74332 + 41477) = ?,8706173193,5 dígitos
85520,71728,97470,85520 * (71728 + 97470) = ?,14469812960,5 dígitos
43886,35364,45023,43886 * (35364 + 45023) = ?,3527863882,5 dígitos
30250,85492,38094,30250 * (85492 + 38094) = ?,3738476500,5 dígitos
58819,61647,75165,58819 * (61647 + 75165) = ?,8047145028,5 dígitos
99956,86206,87186,99956 * (86206 + 87186) = ?,17331570752,5 dígitos
47269,26114,96612,47269 * (26114 + 96612) = ?,5801135294,5 dígitos
95276,93522,72938,95276 * (93522 + 72938) = ?,15859642960,5 dígitos
79332,39544,26800,79332 * (39544 + 26800) = ?,5263202208,5 dígitos
42349,82239,63606,42349 * (82239 + 63606) = ?,6176389905,5 dígitos
78392,33176,79846,78392 * (33176 + 79846) = ?,8860020624,5 dígitos
60710,53200,27823,60710 * (53200 + 27823) = ?,4918906330,5 dígitos
20604,57769,77616,20604 * (57769 + 77616) = ?,2789472540,5 dígitos
97227,15000,59733,97227 * (15000 + 59733) = ?,7266065391,5 dígitos
86717,87830,91023,86717 * (87830 + 91023) = ?,15509595601,5 dígitos
23318,19848,20232,23318 * (19848 + 20232) = ?,934585440,5 dígitos
82420,48852,97177,82420 * (48852 + 97177) = ?,12035710180,5 dígitos
79479,91709,55588,79479 * (91709 + 55588) = ?,11707018263,5 dígitos
19981,40903,67631,19981 * (40903 + 67631) = ?,2168617854,5 dígitos
41903,23987,36014,41903 * (23987 + 36014) = ?,2514221903,5 dígitos
97877,76357,37924,97877 * (76357 + 37924) = ?,11185481437,5 dígitos
50994,73181,48141,50994 * (73181 + 48141) = ?,6186694068,5 dígitos
44557,34087,77933,44557 * (34087 + 77933) = ?,4991275140,5 dígitos
35982,13708,59914,35982 * (13708 + 59914) = ?,2649066804,5 dígitos
57529,54701,19926,57529 * (54701 + 19926) = ?,4293216683,5 dígitos
10389,54851,47370,10389 * (54851 + 47370) = ?,1061973969,5 dígitos
85601,60659,37545,85601 * (60659 + 37545) = ?,8406360604,5 dígitos
48339,78277,95819,48339 * (78277 + 95819) = ?,8415626544,5 dígitos
47783,31878,68206,47783 * (31878 + 68206) = ?,4782313772,5 dígitos
88974,81079,57569,88974 * (81079 + 57569) = ?,12336067152,5 dígitos
92623,68838,83454,92623 * (68838 + 83454) = ?,14105741916,5 dígitos
89332,28553,55294,89332 * (28553 + 55294) = ?,7490220204,5 dígitos
12793,32035,59774,12793 * (32035 + 59774) = ?,1174512537,5 dígitos
82837,80771,66413,82837 * (80771 + 66413) = ?,12192281008,5 dígitos
20184,65927,73471,20184 * (65927 + 73471) = ?,2813609232,5 dígitos
37089,97783,99858,37089 * (97783 + 99858) = ?,7330307049,5 dígitos
41395,36603,47952,41395 * (36603 + 47952) = ?,3500154225,5 dígitos
77877,46123,93886,77877 * (46123 + 93886) = ?,10903480893,5 dígitos
786024,965326,749470,786024 * (965326 + 749470) = ?,1347870811104,6 dígitos
810153,373881,718439,810153 * (373881 + 718439) = ?,884946324960,6 dígitos
570148,748076,509941,570148 * (748076 + 509941) = ?,717255876516,6 dígitos
174273,466488,334134,174273 * (466488 + 334134) = ?,139526797806,6 dígitos
157576,853519,892237,157576 * (853519 + 892237) = ?,275089247456,6 dígitos
775057,737885,438738,775057 * (737885 + 438738) = ?,911949892511,6 dígitos
293766,825781,568780,293766 * (825781 + 568780) = ?,409674606726,6 dígitos
294762,683318,217168,294762 * (683318 + 217168) = ?,265429054332,6 dígitos
229359,825747,333083,229359 * (825747 + 333083) = ?,265788089970,6 dígitos
362834,399547,114178,362834 * (399547 + 114178) = ?,186396896650,6 dígitos
813577,877500,495194,813577 * (877500 + 495194) = ?,1116792266438,6 dígitos
646551,240133,348517,646551 * (240133 + 348517) = ?,380592246150,6 dígitos
673168,533997,159612,673168 * (533997 + 159612) = ?,466915383312,6 dígitos
910493,302651,758377,910493 * (302651 + 758377) = ?,966058566804,6 dígitos
414989,444494,697463,414989 * (444494 + 697463) = ?,473899593473,6 dígitos
392481,481293,742111,392481 * (481293 + 742111) = ?,480162825324,6 dígitos
403098,204732,638456,403098 * (204732 + 638456) = ?,339887396424,6 dígitos
660222,961102,381586,660222 * (961102 + 381586) = ?,886472156736,6 dígitos
570253,567808,152465,570253 * (567808 + 152465) = ?,410737839069,6 dígitos
870247,323783,601647,870247 * (323783 + 601647) = ?,805352681210,6 dígitos
989957,714763,439944,989957 * (714763 + 439944) = ?,1143110277599,6 dígitos
604609,117278,789797,604609 * (117278 + 789797) = ?,548425708675,6 dígitos
623622,198228,149777,623622 * (198228 + 149777) = ?,217023574110,6 dígitos
342836,610306,779150,342836 * (610306 + 779150) = ?,476355537216,6 dígitos
863804,304258,474624,863804 * (304258 + 474624) = ?,672801387128,6 dígitos
585163,451711,833201,585163 * (451711 + 833201) = ?,751882960656,6 dígitos
652289,832189,721163,652289 * (832189 + 721163) = ?,1013234422728,6 dígitos
951990,266959,669782,951990 * (266959 + 669782) = ?,891768064590,6 dígitos
201869,690329,894646,201869 * (690329 + 894646) = ?,319957318275,6 dígitos
435943,201755,833654,435943 * (201755 + 833654) = ?,451379305687,6 dígitos
137741,385773,801441,137741 * (385773 + 801441) = ?,163528043574,6 dígitos
830489,401783,614290,830489 * (401783 + 614290) = ?,843837449697,6 dígitos
162728,532655,294719,162728 * (532655 + 294719) = ?,134636916272,6 dígitos
462522,406190,712336,462522 * (406190 + 712336) = ?,517342882572,6 dígitos
290691,181913,519608,290691 * (181913 + 519608) = ?,203925841011,6 dígitos
778926,406939,231142,778926 * (406939 + 231142) = ?,497017881006,6 dígitos
543107,795877,843995,543107 * (795877 + 843995) = ?,890625962304,6 dígitos
542860,496574,450267,542860 * (496574 + 450267) = ?,514002105260,6 dígitos
952429,213624,300973,952429 * (213624 + 300973) = ?,490117106113,6 dígitos
410629,729005,719927,410629 * (729005 + 719927) = ?,594973498228,6 dígitos
615570,724327,122764,615570 * (724327 + 122764) = ?,521443806870,6 dígitos
176312,269836,644875,176312 * (269836 + 644875) = ?,161274525832,6 dígitos
927035,473847,902833,927035 * (473847 + 902833) = ?,1276230543800,6 dígitos
286424,177665,232777,286424 * (177665 + 232777) = ?,117560439408,6 dígitos
962018,428843,270403,962018 * (428843 + 270403) = ?,672687238428,6 dígitos
536306,664299,254458,536306 * (664299 + 254458) = ?,492734891642,6 dígitos
706480,939850,989947,706480 * (939850 + 989947) = ?,1363362984560,6 dígitos
852679,907615,250921,852679 * (907615 + 250921) = ?,987859317944,6 dígitos
225288,734501,479211,225288 * (734501 + 479211) = ?,273434749056,6 dígitos
953438,701797,993418,953438 * (701797 + 993418) = ?,1616282399170,6 dígitos
6413333,6249103,9416451,6413333 * (6249103 + 9416451) = ?,100468414431482,7 dígitos
3114592,4683328,7481486,3114592 * (4683328 + 7481486) = ?,37888432365888,7 dígitos
7408633,3522677,5198738,7408633 * (3522677 + 5198738) = ?,64613762975695,7 dígitos
6016147,1201942,6913299,6016147 * (1201942 + 6913299) = ?,48822482796427,7 dígitos
4136185,3975673,5167780,4136185 * (3975673 + 5167780) = ?,37819013146805,7 dígitos
1724191,8529867,7830628,1724191 * (8529867 + 7830628) = ?,28208618234545,7 dígitos
7371869,4312345,9613898,7371869 * (4312345 + 9613898) = ?,102662439058167,7 dígitos
6098427,1535945,4048621,6098427 * (1535945 + 4048621) = ?,34057068077682,7 dígitos
2326920,2367094,3031608,2326920 * (2367094 + 3031608) = ?,12562347657840,7 dígitos
9712477,7743732,5743956,9712477 * (7743732 + 5743956) = ?,130998859483176,7 dígitos
5477777,7379283,2453287,5477777 * (7379283 + 2453287) = ?,53860625796890,7 dígitos
6113295,4894640,3284322,6113295 * (4894640 + 3284322) = ?,50000407499790,7 dígitos
4809847,6954525,1431030,4809847 * (6954525 + 1431030) = ?,40333236560085,7 dígitos
4046978,6287737,7534361,4046978 * (6287737 + 7534361) = ?,55937726519844,7 dígitos
4894087,6798508,8925487,4894087 * (6798508 + 8925487) = ?,76954599517565,7 dígitos
3086627,4327249,2306673,3086627 * (4327249 + 2306673) = ?,20476442761094,7 dígitos
6978410,8006944,2904468,6978410 * (8006944 + 2904468) = ?,76144306614920,7 dígitos
4203095,2347485,5019498,4203095 * (2347485 + 5019498) = ?,30964129412385,7 dígitos
5796006,1855459,3868982,5796006 * (1855459 + 3868982) = ?,33178894382646,7 dígitos
7151948,3361689,8321556,7151948 * (3361689 + 8321556) = ?,83557960711260,7 dígitos
8914282,1657968,4893422,8914282 * (1657968 + 4893422) = ?,58400937951980,7 dígitos
6535473,1646290,5595595,6535473 * (1646290 + 5595595) = ?,47329143886605,7 dígitos
2245475,1573817,8202653,2245475 * (1573817 + 8202653) = ?,21952818973250,7 dígitos
1778859,3679613,8402258,1778859 * (3679613 + 8402258) = ?,21491944965189,7 dígitos
2799268,8761438,9743593,2799268 * (8761438 + 9743593) = ?,51800541117308,7 dígitos
8319398,3400272,2721051,8319398 * (3400272 + 2721051) = ?,50925722323554,7 dígitos
9435395,8922450,3787542,9435395 * (8922450 + 3787542) = ?,119923794966840,7 dígitos
1149031,4210619,4928105,1149031 * (4210619 + 4928105) = ?,10500677176444,7 dígitos
5695877,9656023,5496021,5695877 * (9656023 + 5496021) = ?,86304178922588,7 dígitos
8305268,4018452,3969933,8305268 * (4018452 + 3969933) = ?,66345678312180,7 dígitos
1400280,8889040,4853426,1400280 * (8889040 + 4853426) = ?,19243300290480,7 dígitos
9444471,4216667,7709953,9444471 * (4216667 + 7709953) = ?,112640616718020,7 dígitos
5376447,1860602,2040183,5376447 * (1860602 + 2040183) = ?,20972363810895,7 dígitos
6573653,5223401,2255811,6573653 * (5223401 + 2255811) = ?,49165744401436,7 dígitos
8429862,3993444,3266664,8429862 * (3993444 + 3266664) = ?,61201708545096,7 dígitos
8620670,8136582,2007706,8620670 * (8136582 + 2007706) = ?,87450559232960,7 dígitos
6338456,6869072,1284571,6338456 * (6869072 + 1284571) = ?,51681507395208,7 dígitos
3128308,2974960,4714363,3128308 * (2974960 + 4714363) = ?,24054570655484,7 dígitos
3056828,4382309,1138987,3056828 * (4382309 + 1138987) = ?,16877652209088,7 dígitos
9397732,4078887,6055218,9397732 * (4078887 + 6055218) = ?,95237602849860,7 dígitos
1080748,2565179,8196805,1080748 * (2565179 + 8196805) = ?,11630992684032,7 dígitos
2369213,8392038,1704393,2369213 * (8392038 + 1704393) = ?,23920595578803,7 dígitos
6323888,2580898,8250454,6323888 * (2580898 + 8250454) = ?,68496256936576,7 dígitos
8208048,7087870,4589697,8208048 * (7087870 + 4589697) = ?,95850030459216,7 dígitos
3241171,7491805,3518744,3241171 * (7491805 + 3518744) = ?,35687072112879,7 dígitos
3519049,6718715,9984656,3519049 * (6718715 + 9984656) = ?,58779981014179,7 dígitos
6828488,1903567,4718411,6828488 * (1903567 + 4718411) = ?,45218097309264,7 dígitos
8128557,3739856,9757020,8128557 * (3739856 + 9757020) = ?,109710125887932,7 dígitos
2406434,8221443,9526854,2406434 * (8221443 + 9526854) = ?,42710105342898,7 dígitos
6269138,3832878,2457691,6269138 * (3832878 + 2457691) = ?,39436445159522,7 dígitos
78931797,71538196,85571716,78931797 * (71538196 + 85571716) = ?,12400967680671864,8 dígitos
36262636,85253936,70926431,36262636 * (85253936 + 70926431) = ?,5663511798867412,8 dígitos
36183419,74990080,24644159,36183419 * (74990080 + 24644159) = ?,3605107416483141,8 dígitos
15394899,92820507,76442159,15394899 * (92820507 + 76442159) = ?,2605781647540734,8 dígitos
57124964,63605515,70001908,57124964 * (63605515 + 70001908) = ?,7632319229007772,8 dígitos
41252780,14664108,86971720,41252780 * (14664108 + 86971720) = ?,4192760452601840,8 dígitos
26116049,10377527,43228578,26116049 * (10377527 + 43228578) = ?,1399979664879145,8 dígitos
19425835,47952152,90040719,19425835 * (47952152 + 90040719) = ?,2680626743222285,8 dígitos
45617081,15879080,74493867,45617081 * (15879080 + 74493867) = ?,4122550043507707,8 dígitos
58762477,27791635,64860346,58762477 * (27791635 + 64860346) = ?,5444459902516937,8 dígitos
16178499,63812084,72901535,16178499 * (63812084 + 72901535) = ?,2211821148277881,8 dígitos
53453683,15110054,89720846,53453683 * (15110054 + 89720846) = ?,5603597697204700,8 dígitos
28923206,13837890,46760775,28923206 * (13837890 + 46760775) = ?,1752707671119990,8 dígitos
60778240,33587178,80273141,60778240 * (33587178 + 80273141) = ?,6920229794658560,8 dígitos
82235220,76746412,78836641,82235220 * (76746412 + 78836641) = ?,12794406591726660,8 dígitos
62908436,34574127,15048183,62908436 * (34574127 + 15048183) = ?,3121661912807160,8 dígitos
46868198,82329144,92429126,46868198 * (82329144 + 92429126) = ?,8190605200497460,8 dígitos
94624910,13494557,22904235,94624910 * (13494557 + 22904235) = ?,3444232417108720,8 dígitos
79540466,58137910,51965819,79540466 * (58137910 + 51965819) = ?,8757701912997714,8 dígitos
39174800,58220133,66981295,39174800 * (58220133 + 66981295) = ?,4904740901614400,8 dígitos
97680852,21227010,42135760,97680852 * (21227010 + 42135760) = ?,6189329358680040,8 dígitos
92808522,85632841,39269696,92808522 * (85632841 + 39269696) = ?,11592019853020314,8 dígitos
44013385,20783247,88560826,44013385 * (20783247 + 88560826) = ?,4812602782417105,8 dígitos
14844645,41009013,60157343,14844645 * (41009013 + 60157343) = ?,1501778640763620,8 dígitos
29221694,71037848,17632463,29221694 * (71037848 + 17632463) = ?,2591096694926834,8 dígitos
94532593,91426971,57326712,94532593 * (91426971 + 57326712) = ?,14062071372290019,8 dígitos
15687710,70884981,24496987,15687710 * (70884981 + 24496987) = ?,1496324653213280,8 dígitos
40430684,36027625,35038753,40430684 * (36027625 + 35038753) = ?,2873262271942552,8 dígitos
43634043,51092051,49103578,43634043 * (51092051 + 49103578) = ?,4371940384198047,8 dígitos
37206244,29406116,71765359,37206244 * (29406116 + 71765359) = ?,3764210584689900,8 dígitos
54115551,16056943,40646188,54115551 * (16056943 + 40646188) = ?,3068521177490181,8 dígitos
60343976,94964580,28861818,60343976 * (94964580 + 28861818) = ?,7472177189078448,8 dígitos
69200376,94864592,86097135,69200376 * (94864592 + 86097135) = ?,12522619550009352,8 dígitos
83025218,87783612,39726610,83025218 * (87783612 + 39726610) = ?,10586563978778396,8 dígitos
95012175,33512347,24265412,95012175 * (33512347 + 24265412) = ?,5489590549215825,8 dígitos
68253703,94987278,86373493,68253703 * (94987278 + 86373493) = ?,12378544199685013,8 dígitos
52723528,39524499,88760163,52723528 * (39524499 + 88760163) = ?,6763619968927536,8 dígitos
30244417,30743077,40810114,30244417 * (30743077 + 40810114) = ?,2164084546284647,8 dígitos
44655702,60593369,75090352,44655702 * (60593369 + 75090352) = ?,6059051811227142,8 dígitos
44159381,74838060,34091933,44159381 * (74838060 + 34091933) = ?,4810281063214333,8 dígitos
20258427,43779103,92403695,20258427 * (43779103 + 92403695) = ?,2758849271938746,8 dígitos
57352577,39524327,78466533,57352577 * (39524327 + 78466533) = ?,6767079883446220,8 dígitos
68752285,98625946,17608790,68752285 * (98625946 + 17608790) = ?,7991403696371760,8 dígitos
87662030,41288507,70474978,87662030 * (41288507 + 70474978) = ?,9797413974974550,8 dígitos
35769448,53301169,36709226,35769448 * (53301169 + 36709226) = ?,3219622143411960,8 dígitos
17432014,20433092,68725799,17432014 * (20433092 + 68725799) = ?,1554219036136474,8 dígitos
86664194,84567779,18108971,86664194 * (84567779 + 18108971) = ?,8898397781289500,8 dígitos
63299009,53774133,37764664,63299009 * (53774133 + 37764664) = ?,5794315135152173,8 dígitos
52182360,68039461,72782109,52182360 * (68039461 + 72782109) = ?,7348401861505200,8 dígitos
24066685,51837893,79130958,24066685 * (51837893 + 79130958) = ?,3151986081828935,8 dígitos
236765076,359883065,520151379,236765076 * (359883065 + 520151379) = ?,208361422016277744,9 dígitos
689248908,945215306,339915075,689248908 * (945215306 + 339915075) = ?,885774711741873948,9 dígitos
224752564,160747169,969768653,224752564 * (160747169 + 969768653) = ?,254086329637067608,9 dígitos
519390650,507686969,838390181,519390650 * (507686969 + 838390181) = ?,699139885888647500,9 dígitos
317023371,177400119,533164031,317023371 * (177400119 + 533164031) = ?,225265442144749650,9 dígitos
253438552,672064018,489232763,253438552 * (672064018 + 489232763) = ?,294317374618901112,9 dígitos
931743608,257258833,915839990,931743608 * (257258833 + 915839990) = ?,1093027329882573384,9 dígitos
396549882,891601392,780146251,396549882 * (891601392 + 780146251) = ?,662931330565428126,9 dígitos
955377791,701117250,156967093,955377791 * (701117250 + 156967093) = ?,819794724107026313,9 dígitos
373550152,882889564,418687476,373550152 * (882889564 + 418687476) = ?,486204301131710080,9 dígitos
606284928,288867467,608474435,606284928 * (288867467 + 608474435) = ?,544044870445453056,9 dígitos
437272279,189652670,603651772,437272279 * (189652670 + 603651772) = ?,346890041294163318,9 dígitos
899757698,457978106,714407045,899757698 * (457978106 + 714407045) = ?,1054862564633142398,9 dígitos
943140736,758904784,574050178,943140736 * (758904784 + 574050178) = ?,1257164123915532032,9 dígitos
561298866,939789431,177232776,561298866 * (939789431 + 177232776) = ?,626983298085917262,9 dígitos
853375840,316045546,448747033,853375840 * (316045546 + 448747033) = ?,652655509529891360,9 dígitos
193539835,814839800,822241362,193539835 * (814839800 + 822241362) = ?,316840417975088270,9 dígitos
844173893,364295833,834264276,844173893 * (364295833 + 834264276) = ?,1011793153209034337,9 dígitos
922344509,652983364,113947601,922344509 * (652983364 + 113947601) = ?,707374564349821185,9 dígitos
249720191,524741868,439673614,249720191 * (524741868 + 439673614) = ?,240834018368397062,9 dígitos
731444371,231979567,157375416,731444371 * (231979567 + 157375416) = ?,284791510636150693,9 dígitos
943301540,952178738,378705881,943301540 * (952178738 + 378705881) = ?,1255425510665013260,9 dígitos
619587050,106936198,729400754,619587050 * (106936198 + 729400754) = ?,518183544895671600,9 dígitos
755613960,475982112,714029013,755613960 * (475982112 + 714029013) = ?,899189018605305000,9 dígitos
461374144,676851079,946023542,461374144 * (676851079 + 946023542) = ?,748752389083199424,9 dígitos
823414753,165273468,245514584,823414753 * (165273468 + 245514584) = ?,338248942372931156,9 dígitos
921707208,982700151,952999659,921707208 * (982700151 + 952999659) = ?,1784148467401230480,9 dígitos
715985643,367689168,252715082,715985643 * (367689168 + 252715082) = ?,444200535856182750,9 dígitos
621068626,482664277,689697288,621068626 * (482664277 + 689697288) = ?,728116986349759690,9 dígitos
967629449,258905560,217925524,967629449 * (258905560 + 217925524) = ?,461395799076992716,9 dígitos
558669770,514051859,594954379,558669770 * (514051859 + 594954379) = ?,619568259912025260,9 dígitos
765963750,340028593,742101710,765963750 * (340028593 + 742101710) = ?,828872584874516250,9 dígitos
560760581,621092496,324784184,560760581 * (621092496 + 324784184) = ?,530410356631151080,9 dígitos
847049284,246014286,963813487,847049284 * (246014286 + 963813487) = ?,1024783748882964532,9 dígitos
743751602,408038210,298709890,743751602 * (408038210 + 298709890) = ?,525645031585456200,9 dígitos
293443534,573432239,841734495,293443534 * (573432239 + 841734495) = ?,415271527624197956,9 dígitos
863333447,764657541,489108740,863333447 * (764657541 + 489108740) = ?,1082418365108100607,9 dígitos
536995950,296390415,496801261,536995950 * (296390415 + 496801261) = ?,425940717585712200,9 dígitos
388908340,590366736,752440358,388908340 * (590366736 + 752440358) = ?,522228877867763960,9 dígitos
522315908,701485911,505733210,522315908 * (701485911 + 505733210) = ?,630549751340076868,9 dígitos
296129048,967186285,775815085,296129048 * (967186285 + 775815085) = ?,516153336360795760,9 dígitos
184851745,494130382,596357666,184851745 * (494130382 + 596357666) = ?,201578618574443760,9 dígitos
795312665,614756451,385124065,795312665 * (614756451 + 385124065) = ?,795217637861535140,9 dígitos
440501282,849356534,345906868,440501282 * (849356534 + 345906868) = ?,526515060908681364,9 dígitos
650054670,104815682,402254504,650054670 * (104815682 + 402254504) = ?,329623342427068620,9 dígitos
137042568,528388515,752992618,137042568 * (528388515 + 752992618) = ?,175603761053069544,9 dígitos
534573175,169432281,167516937,534573175 * (169432281 + 167516937) = ?,180124013280027150,9 dígitos
348243357,639719657,787428835,348243357 * (639719657 + 787428835) = ?,496994981791567644,9 dígitos
757893305,581331152,611268056,757893305 * (581331152 + 611268056) = ?,903862955291502440,9 dígitos
715599434,867353786,460528631,715599434 * (867353786 + 460528631) = ?,950231906023751978,9 dígitos
7961504678,5786155778,8990927902,7961504678 * (5786155778 + 8990927902) = ?,117647820845517455040,10 dígitos
7800564898,3961934109,6118387338,7800564898 * (3961934109 + 6118387338) = ?,78632201640024767406,10 dígitos
8718991253,8978653149,1534987038,8718991253 * (8978653149 + 1534987038) = ?,91668336827642284311,10 dígitos
5978797818,1768717963,6665485211,5978797818 * (1768717963 + 6665485211) = ?,50426395533279874332,10 dígitos
4089827938,5141691435,5364012291,4089827938 * (5141691435 + 5364012291) = ?,42966520606945496988,10 dígitos
6363814702,2422959111,6096034241,6363814702 * (2422959111 + 6096034241) = ?,54213295139697861104,10 dígitos
4731388413,2679929721,6067168562,4731388413 * (2679929721 + 6067168562) = ?,41385919463558394879,10 dígitos
6860568632,6623226145,8412316814,6860568632 * (6623226145 + 8412316814) = ?,103152374389603862088,10 dígitos
8827791512,1400279732,3755651946,8827791512 * (1400279732 + 3755651946) = ?,45515489903500317136,10 dígitos
9267822428,4895790895,8830720636,9267822428 * (4895790895 + 8830720636) = ?,127214871425202417268,10 dígitos
7263557014,4066850571,7103491754,7263557014 * (4066850571 + 7103491754) = ?,81136418343534817550,10 dígitos
5039656472,2461469924,6125610358,5039656472 * (2461469924 + 6125610358) = ?,43275934718764885104,10 dígitos
4286087070,3308827247,4596895353,4286087070 * (3308827247 + 4596895353) = ?,33884615414866782000,10 dígitos
3804318832,9060013684,7197185964,3804318832 * (9060013684 + 7197185964) = ?,61847570776470171136,10 dígitos
7205422338,8979659257,3262986755,7205422338 * (8979659257 + 3262986755) = ?,88213435051091416056,10 dígitos
2020196916,2145659979,4513298570,2020196916 * (2145659979 + 4513298570) = ?,13452407524461634884,10 dígitos
9191638274,1684739210,3819545545,9191638274 * (1684739210 + 3819545545) = ?,50593394425052712870,10 dígitos
2192769091,9765193623,4467896983,2192769091 * (9765193623 + 4467896983) = ?,31209881150239259146,10 dígitos
8703237239,7507215050,7151937541,8703237239 * (7507215050 + 7151937541) = ?,127582082722174536249,10 dígitos
3867708560,2584673848,3379478361,3867708560 * (2584673848 + 3379478361) = ?,23067602551892209040,10 dígitos
2349741247,7068313097,5596056294,2349741247 * (7068313097 + 5596056294) = ?,29757991125276970577,10 dígitos
4623448910,7966139389,7716156697,4623448910 * (7966139389 + 7716156697) = ?,72506294745113966260,10 dígitos
6246355030,1851849095,7178663804,6246355030 * (1851849095 + 7178663804) = ?,56407789670148531970,10 dígitos
8745700491,9015809681,9906806189,8745700491 * (9015809681 + 9906806189) = ?,165491530905263392170,10 dígitos
9091464340,7736841036,8057770519,9091464340 * (7736841036 + 8057770519) = ?,143596147716434448700,10 dígitos
6986706273,7243557166,2711489935,6986706273 * (7243557166 + 2711489935) = ?,69552990028567164573,10 dígitos
9934177193,7225478871,9591546619,9934177193 * (7225478871 + 9591546619) = ?,167063311076857649570,10 dígitos
5946839963,6624466202,7410476894,5946839963 * (6624466202 + 7410476894) = ?,83463560481723745448,10 dígitos
4216843010,6378316324,3136953218,4216843010 * (6378316324 + 3136953218) = ?,40124397856448601420,10 dígitos
2705429884,2442677498,1941740751,2705429884 * (2442677498 + 1941740751) = ?,11861736154799553116,10 dígitos
2147770233,9584261010,6965726178,2147770233 * (9584261010 + 6965726178) = ?,35545569838917774804,10 dígitos
1608412884,1202782721,5251187900,1608412884 * (1202782721 + 5251187900) = ?,10380649499773880964,10 dígitos
2888964769,8178525945,2278663674,2888964769 * (8178525945 + 2278663674) = ?,30210452392043533011,10 dígitos
7766389014,4700832457,9796761929,7766389014 * (4700832457 + 9796761929) = ?,112593957768858475404,10 dígitos
4769979919,8348452620,5251940035,4769979919 * (8348452620 + 5251940035) = ?,64873599854865094945,10 dígitos
7057070630,6550337854,6125783890,7057070630 * (6550337854 + 6125783890) = ?,89456286461886778720,10 dígitos
8565990326,9255107385,4607899457,8565990326 * (9255107385 + 4607899457) = ?,118750382497843810492,10 dígitos
7021972603,8913977697,9090420652,7021972603 * (8913977697 + 9090420652) = ?,126426391940176432447,10 dígitos
2413030699,9268095977,5283701458,2413030699 * (9268095977 + 5283701458) = ?,35113933936284457065,10 dígitos
4185813312,3166681373,8294104221,4185813312 * (3166681373 + 8294104221) = ?,47972708905343027328,10 dígitos
5624876700,8683679188,2352784770,5624876700 * (8683679188 + 2352784770) = ?,62078748967743978600,10 dígitos
5898936815,3780654329,2172294508,5898936815 * (3780654329 + 2172294508) = ?,35116069052390734155,10 dígitos
9085126110,1528702295,9631101626,9085126110 * (1528702295 + 9631101626) = ?,101388225985157477310,10 dígitos
9665579026,5344385410,3946574188,9665579026 * (5344385410 + 3946574188) = ?,89802504221842191548,10 dígitos
9032594512,4786528913,3149601324,9032594512 * (4786528913 + 3149601324) = ?,71683846425243459344,10 dígitos
1090518070,3901694285,8777622660,1090518070 * (3901694285 + 8777622660) = ?,13827024243779696150,10 dígitos
2682479366,4533219535,2666102945,2682479366 * (4533219535 + 2666102945) = ?,19312034001779947680,10 dígitos
7698942389,7322156605,6110326838,7698942389 * (7322156605 + 6110326838) = ?,103415916168853365327,10 dígitos
4557317287,1459832572,1896659941,4557317287 * (1459832572 + 1896659941) = ?,15296601353180972231,10 dígitos
3189388074,1295035515,1388198782,3189388074 * (1295035515 + 1388198782) = ?,8557875466599573978,10 dígitos
