num_a,num_b,Conta,Resultado_original,Operacao
76,27,76x27 = ?,2052,2 dígitos
93,67,93x67 = ?,6231,2 dígitos
96,57,96x57 = ?,5472,2 dígitos
83,42,83x42 = ?,3486,2 dígitos
56,35,56x35 = ?,1960,2 dígitos
93,88,93x88 = ?,8184,2 dígitos
46,90,46x90 = ?,4140,2 dígitos
78,59,78x59 = ?,4602,2 dígitos
65,77,65x77 = ?,5005,2 dígitos
12,94,12x94 = ?,1128,2 dígitos
49,76,49x76 = ?,3724,2 dígitos
94,57,94x57 = ?,5358,2 dígitos
71,58,71x58 = ?,4118,2 dígitos
17,62,17x62 = ?,1054,2 dígitos
95,37,95x37 = ?,3515,2 dígitos
44,86,44x86 = ?,3784,2 dígitos
50,13,50x13 = ?,650,2 dígitos
79,74,79x74 = ?,5846,2 dígitos
85,44,85x44 = ?,3740,2 dígitos
68,20,68x20 = ?,1360,2 dígitos
32,87,32x87 = ?,2784,2 dígitos
28,25,28x25 = ?,700,2 dígitos
37,40,37x40 = ?,1480,2 dígitos
62,80,62x80 = ?,4960,2 dígitos
36,90,36x90 = ?,3240,2 dígitos
16,24,16x24 = ?,384,2 dígitos
85,64,85x64 = ?,5440,2 dígitos
81,11,81x11 = ?,891,2 dígitos
53,68,53x68 = ?,3604,2 dígitos
65,35,65x35 = ?,2275,2 dígitos
60,94,60x94 = ?,5640,2 dígitos
66,59,66x59 = ?,3894,2 dígitos
22,28,22x28 = ?,616,2 dígitos
91,11,91x11 = ?,1001,2 dígitos
61,54,61x54 = ?,3294,2 dígitos
58,66,58x66 = ?,3828,2 dígitos
59,96,59x96 = ?,5664,2 dígitos
13,77,13x77 = ?,1001,2 dígitos
21,31,21x31 = ?,651,2 dígitos
99,13,99x13 = ?,1287,2 dígitos
21,13,21x13 = ?,273,2 dígitos
16,19,16x19 = ?,304,2 dígitos
97,24,97x24 = ?,2328,2 dígitos
93,80,93x80 = ?,7440,2 dígitos
22,64,22x64 = ?,1408,2 dígitos
37,48,37x48 = ?,1776,2 dígitos
27,71,27x71 = ?,1917,2 dígitos
84,75,84x75 = ?,6300,2 dígitos
57,26,57x26 = ?,1482,2 dígitos
15,96,15x96 = ?,1440,2 dígitos
56,25,56x25 = ?,1400,2 dígitos
69,50,69x50 = ?,3450,2 dígitos
35,55,35x55 = ?,1925,2 dígitos
59,10,59x10 = ?,590,2 dígitos
45,39,45x39 = ?,1755,2 dígitos
11,93,11x93 = ?,1023,2 dígitos
78,40,78x40 = ?,3120,2 dígitos
17,70,17x70 = ?,1190,2 dígitos
75,86,75x86 = ?,6450,2 dígitos
77,54,77x54 = ?,4158,2 dígitos
61,17,61x17 = ?,1037,2 dígitos
98,80,98x80 = ?,7840,2 dígitos
23,38,23x38 = ?,874,2 dígitos
73,94,73x94 = ?,6862,2 dígitos
46,50,46x50 = ?,2300,2 dígitos
98,73,98x73 = ?,7154,2 dígitos
68,87,68x87 = ?,5916,2 dígitos
18,88,18x88 = ?,1584,2 dígitos
16,75,16x75 = ?,1200,2 dígitos
80,50,80x50 = ?,4000,2 dígitos
84,86,84x86 = ?,7224,2 dígitos
86,35,86x35 = ?,3010,2 dígitos
17,23,17x23 = ?,391,2 dígitos
54,11,54x11 = ?,594,2 dígitos
51,88,51x88 = ?,4488,2 dígitos
66,97,66x97 = ?,6402,2 dígitos
73,13,73x13 = ?,949,2 dígitos
27,98,27x98 = ?,2646,2 dígitos
97,79,97x79 = ?,7663,2 dígitos
60,12,60x12 = ?,720,2 dígitos
28,56,28x56 = ?,1568,2 dígitos
55,67,55x67 = ?,3685,2 dígitos
45,28,45x28 = ?,1260,2 dígitos
56,64,56x64 = ?,3584,2 dígitos
83,91,83x91 = ?,7553,2 dígitos
72,77,72x77 = ?,5544,2 dígitos
21,36,21x36 = ?,756,2 dígitos
85,20,85x20 = ?,1700,2 dígitos
13,55,13x55 = ?,715,2 dígitos
68,69,68x69 = ?,4692,2 dígitos
33,35,33x35 = ?,1155,2 dígitos
37,67,37x67 = ?,2479,2 dígitos
13,88,13x88 = ?,1144,2 dígitos
95,69,95x69 = ?,6555,2 dígitos
58,66,58x66 = ?,3828,2 dígitos
97,97,97x97 = ?,9409,2 dígitos
14,79,14x79 = ?,1106,2 dígitos
66,70,66x70 = ?,4620,2 dígitos
19,76,19x76 = ?,1444,2 dígitos
43,79,43x79 = ?,3397,2 dígitos
736,493,736x493 = ?,362848,3 dígitos
307,351,307x351 = ?,107757,3 dígitos
640,422,640x422 = ?,270080,3 dígitos
110,840,110x840 = ?,92400,3 dígitos
871,871,871x871 = ?,758641,3 dígitos
891,831,891x831 = ?,740421,3 dígitos
795,390,795x390 = ?,310050,3 dígitos
393,405,393x405 = ?,159165,3 dígitos
955,953,955x953 = ?,910115,3 dígitos
765,501,765x501 = ?,383265,3 dígitos
286,294,286x294 = ?,84084,3 dígitos
401,110,401x110 = ?,44110,3 dígitos
236,857,236x857 = ?,202252,3 dígitos
381,455,381x455 = ?,173355,3 dígitos
679,727,679x727 = ?,493633,3 dígitos
421,619,421x619 = ?,260599,3 dígitos
554,967,554x967 = ?,535718,3 dígitos
325,779,325x779 = ?,253175,3 dígitos
320,522,320x522 = ?,167040,3 dígitos
237,268,237x268 = ?,63516,3 dígitos
589,424,589x424 = ?,249736,3 dígitos
606,315,606x315 = ?,190890,3 dígitos
844,505,844x505 = ?,426220,3 dígitos
701,918,701x918 = ?,643518,3 dígitos
144,704,144x704 = ?,101376,3 dígitos
439,437,439x437 = ?,191843,3 dígitos
483,208,483x208 = ?,100464,3 dígitos
673,972,673x972 = ?,654156,3 dígitos
347,859,347x859 = ?,298073,3 dígitos
114,635,114x635 = ?,72390,3 dígitos
930,729,930x729 = ?,677970,3 dígitos
692,852,692x852 = ?,589584,3 dígitos
338,252,338x252 = ?,85176,3 dígitos
226,243,226x243 = ?,54918,3 dígitos
564,739,564x739 = ?,416796,3 dígitos
594,696,594x696 = ?,413424,3 dígitos
847,851,847x851 = ?,720797,3 dígitos
318,985,318x985 = ?,313230,3 dígitos
616,249,616x249 = ?,153384,3 dígitos
644,523,644x523 = ?,336812,3 dígitos
485,966,485x966 = ?,468510,3 dígitos
206,566,206x566 = ?,116596,3 dígitos
715,958,715x958 = ?,684970,3 dígitos
459,519,459x519 = ?,238221,3 dígitos
670,869,670x869 = ?,582230,3 dígitos
588,536,588x536 = ?,315168,3 dígitos
273,890,273x890 = ?,242970,3 dígitos
610,153,610x153 = ?,93330,3 dígitos
430,595,430x595 = ?,255850,3 dígitos
996,903,996x903 = ?,899388,3 dígitos
981,183,981x183 = ?,179523,3 dígitos
450,683,450x683 = ?,307350,3 dígitos
139,955,139x955 = ?,132745,3 dígitos
601,951,601x951 = ?,571551,3 dígitos
986,434,986x434 = ?,427924,3 dígitos
129,119,129x119 = ?,15351,3 dígitos
393,101,393x101 = ?,39693,3 dígitos
233,461,233x461 = ?,107413,3 dígitos
181,775,181x775 = ?,140275,3 dígitos
689,125,689x125 = ?,86125,3 dígitos
709,729,709x729 = ?,516861,3 dígitos
577,554,577x554 = ?,319658,3 dígitos
542,513,542x513 = ?,278046,3 dígitos
693,505,693x505 = ?,349965,3 dígitos
244,386,244x386 = ?,94184,3 dígitos
539,564,539x564 = ?,303996,3 dígitos
258,112,258x112 = ?,28896,3 dígitos
702,567,702x567 = ?,398034,3 dígitos
500,192,500x192 = ?,96000,3 dígitos
650,454,650x454 = ?,295100,3 dígitos
619,718,619x718 = ?,444442,3 dígitos
265,114,265x114 = ?,30210,3 dígitos
725,740,725x740 = ?,536500,3 dígitos
580,742,580x742 = ?,430360,3 dígitos
137,162,137x162 = ?,22194,3 dígitos
545,626,545x626 = ?,341170,3 dígitos
161,992,161x992 = ?,159712,3 dígitos
461,181,461x181 = ?,83441,3 dígitos
649,322,649x322 = ?,208978,3 dígitos
503,542,503x542 = ?,272626,3 dígitos
106,968,106x968 = ?,102608,3 dígitos
683,945,683x945 = ?,645435,3 dígitos
341,946,341x946 = ?,322586,3 dígitos
324,663,324x663 = ?,214812,3 dígitos
965,359,965x359 = ?,346435,3 dígitos
228,204,228x204 = ?,46512,3 dígitos
738,226,738x226 = ?,166788,3 dígitos
433,706,433x706 = ?,305698,3 dígitos
265,725,265x725 = ?,192125,3 dígitos
664,951,664x951 = ?,631464,3 dígitos
870,593,870x593 = ?,515910,3 dígitos
324,626,324x626 = ?,202824,3 dígitos
614,959,614x959 = ?,588826,3 dígitos
466,338,466x338 = ?,157508,3 dígitos
772,477,772x477 = ?,368244,3 dígitos
388,514,388x514 = ?,199432,3 dígitos
871,835,871x835 = ?,727285,3 dígitos
333,319,333x319 = ?,106227,3 dígitos
347,947,347x947 = ?,328609,3 dígitos
980,206,980x206 = ?,201880,3 dígitos
2755,3159,2755x3159 = ?,8703045,4 dígitos
2557,3747,2557x3747 = ?,9581079,4 dígitos
7943,5166,7943x5166 = ?,41033538,4 dígitos
7733,4261,7733x4261 = ?,32950313,4 dígitos
5344,8384,5344x8384 = ?,44804096,4 dígitos
4295,1016,4295x1016 = ?,4363720,4 dígitos
6594,3945,6594x3945 = ?,26013330,4 dígitos
6255,3341,6255x3341 = ?,20897955,4 dígitos
4839,5976,4839x5976 = ?,28917864,4 dígitos
1191,8908,1191x8908 = ?,10609428,4 dígitos
8454,2235,8454x2235 = ?,18894690,4 dígitos
1113,3446,1113x3446 = ?,3835398,4 dígitos
8864,8424,8864x8424 = ?,74670336,4 dígitos
9281,3625,9281x3625 = ?,33643625,4 dígitos
6397,5028,6397x5028 = ?,32164116,4 dígitos
7139,5636,7139x5636 = ?,40235404,4 dígitos
5904,4092,5904x4092 = ?,24159168,4 dígitos
7582,6880,7582x6880 = ?,52164160,4 dígitos
5703,8790,5703x8790 = ?,50129370,4 dígitos
3599,9473,3599x9473 = ?,34093327,4 dígitos
1687,8391,1687x8391 = ?,14155617,4 dígitos
7688,2100,7688x2100 = ?,16144800,4 dígitos
7085,3917,7085x3917 = ?,27751945,4 dígitos
3751,3778,3751x3778 = ?,14171278,4 dígitos
9423,4273,9423x4273 = ?,40264479,4 dígitos
2326,8554,2326x8554 = ?,19896604,4 dígitos
4121,3557,4121x3557 = ?,14658397,4 dígitos
6616,7546,6616x7546 = ?,49924336,4 dígitos
5007,1922,5007x1922 = ?,9623454,4 dígitos
4306,6746,4306x6746 = ?,29048276,4 dígitos
5201,5591,5201x5591 = ?,29078791,4 dígitos
4665,5756,4665x5756 = ?,26851740,4 dígitos
9986,4963,9986x4963 = ?,49560518,4 dígitos
9487,4892,9487x4892 = ?,46410404,4 dígitos
9911,3174,9911x3174 = ?,31457514,4 dígitos
5360,3046,5360x3046 = ?,16326560,4 dígitos
2282,3871,2282x3871 = ?,8833622,4 dígitos
1180,3819,1180x3819 = ?,4506420,4 dígitos
4367,3880,4367x3880 = ?,16943960,4 dígitos
6325,9006,6325x9006 = ?,56962950,4 dígitos
7173,7182,7173x7182 = ?,51516486,4 dígitos
8887,9224,8887x9224 = ?,81973688,4 dígitos
9700,9626,9700x9626 = ?,93372200,4 dígitos
3483,7857,3483x7857 = ?,27365931,4 dígitos
8095,2649,8095x2649 = ?,21443655,4 dígitos
5321,4860,5321x4860 = ?,25860060,4 dígitos
3578,4132,3578x4132 = ?,14784296,4 dígitos
9635,5731,9635x5731 = ?,55218185,4 dígitos
8636,6016,8636x6016 = ?,51954176,4 dígitos
8699,3201,8699x3201 = ?,27845499,4 dígitos
1126,3023,1126x3023 = ?,3403898,4 dígitos
8239,2524,8239x2524 = ?,20795236,4 dígitos
9285,7392,9285x7392 = ?,68634720,4 dígitos
5496,7318,5496x7318 = ?,40219728,4 dígitos
1191,9605,1191x9605 = ?,11439555,4 dígitos
8722,7262,8722x7262 = ?,63339164,4 dígitos
4331,1545,4331x1545 = ?,6691395,4 dígitos
5861,6410,5861x6410 = ?,37569010,4 dígitos
8231,1268,8231x1268 = ?,10436908,4 dígitos
1538,1455,1538x1455 = ?,2237790,4 dígitos
1936,4881,1936x4881 = ?,9449616,4 dígitos
2258,9372,2258x9372 = ?,21161976,4 dígitos
7948,8527,7948x8527 = ?,67772596,4 dígitos
4561,8099,4561x8099 = ?,36939539,4 dígitos
1713,8310,1713x8310 = ?,14235030,4 dígitos
6921,6845,6921x6845 = ?,47374245,4 dígitos
5104,8958,5104x8958 = ?,45721632,4 dígitos
6550,2118,6550x2118 = ?,13872900,4 dígitos
5985,9980,5985x9980 = ?,59730300,4 dígitos
8894,3255,8894x3255 = ?,28949970,4 dígitos
1060,4866,1060x4866 = ?,5157960,4 dígitos
3495,9036,3495x9036 = ?,31580820,4 dígitos
5501,5692,5501x5692 = ?,31311692,4 dígitos
8870,4356,8870x4356 = ?,38637720,4 dígitos
2602,4796,2602x4796 = ?,12479192,4 dígitos
1416,7703,1416x7703 = ?,10907448,4 dígitos
5454,3856,5454x3856 = ?,21030624,4 dígitos
7792,3533,7792x3533 = ?,27529136,4 dígitos
5310,2558,5310x2558 = ?,13582980,4 dígitos
2684,2439,2684x2439 = ?,6546276,4 dígitos
3080,6307,3080x6307 = ?,19425560,4 dígitos
6000,2104,6000x2104 = ?,12624000,4 dígitos
1581,7884,1581x7884 = ?,12464604,4 dígitos
7084,6257,7084x6257 = ?,44324588,4 dígitos
4943,9479,4943x9479 = ?,46854697,4 dígitos
6957,1821,6957x1821 = ?,12668697,4 dígitos
9226,6373,9226x6373 = ?,58797298,4 dígitos
2789,8703,2789x8703 = ?,24272667,4 dígitos
3397,1329,3397x1329 = ?,4514613,4 dígitos
3884,4708,3884x4708 = ?,18285872,4 dígitos
1762,1389,1762x1389 = ?,2447418,4 dígitos
5602,2507,5602x2507 = ?,14044214,4 dígitos
6571,3741,6571x3741 = ?,24582111,4 dígitos
4899,6046,4899x6046 = ?,29619354,4 dígitos
6015,6494,6015x6494 = ?,39061410,4 dígitos
5309,6543,5309x6543 = ?,34736787,4 dígitos
1703,8918,1703x8918 = ?,15187354,4 dígitos
3169,3793,3169x3793 = ?,12020017,4 dígitos
6651,1622,6651x1622 = ?,10787922,4 dígitos
8301,6235,8301x6235 = ?,51756735,4 dígitos
66413,20184,66413x20184 = ?,1340479992,5 dígitos
65927,73471,65927x73471 = ?,4843722617,5 dígitos
37089,97783,37089x97783 = ?,3626673687,5 dígitos
99858,41395,99858x41395 = ?,4133621910,5 dígitos
36603,47952,36603x47952 = ?,1755187056,5 dígitos
77877,46123,77877x46123 = ?,3591920871,5 dígitos
93886,40664,93886x40664 = ?,3817780304,5 dígitos
88894,64793,88894x64793 = ?,5759708942,5 dígitos
52327,21737,52327x21737 = ?,1137431999,5 dígitos
86932,26725,86932x26725 = ?,2323257700,5 dígitos
84273,67576,84273x67576 = ?,5694832248,5 dígitos
39012,74258,39012x74258 = ?,2896953096,5 dígitos
48663,15805,48663x15805 = ?,769118715,5 dígitos
29697,86594,29697x86594 = ?,2571582018,5 dígitos
72694,80421,72694x80421 = ?,5846124174,5 dígitos
85564,73690,85564x73690 = ?,6305211160,5 dígitos
69030,80387,69030x80387 = ?,5549114610,5 dígitos
10690,47403,10690x47403 = ?,506738070,5 dígitos
24178,68217,24178x68217 = ?,1649350626,5 dígitos
11978,32263,11978x32263 = ?,386446214,5 dígitos
19061,58880,19061x58880 = ?,1122311680,5 dígitos
50781,69612,50781x69612 = ?,3534966972,5 dígitos
26880,34061,26880x34061 = ?,915559680,5 dígitos
81579,13017,81579x13017 = ?,1061913843,5 dígitos
62845,92350,62845x92350 = ?,5803735750,5 dígitos
27923,83175,27923x83175 = ?,2322495525,5 dígitos
40337,50954,40337x50954 = ?,2055331498,5 dígitos
24168,45934,24168x45934 = ?,1110132912,5 dígitos
84670,29442,84670x29442 = ?,2492854140,5 dígitos
87037,65822,87037x65822 = ?,5728949414,5 dígitos
90037,84592,90037x84592 = ?,7616409904,5 dígitos
62465,87800,62465x87800 = ?,5484427000,5 dígitos
27278,44437,27278x44437 = ?,1212152486,5 dígitos
59777,33790,59777x33790 = ?,2019864830,5 dígitos
83186,94249,83186x94249 = ?,7840197314,5 dígitos
99567,87841,99567x87841 = ?,8746064847,5 dígitos
38001,86829,38001x86829 = ?,3299588829,5 dígitos
75558,45887,75558x45887 = ?,3467129946,5 dígitos
55494,38883,55494x38883 = ?,2157773202,5 dígitos
83342,76041,83342x76041 = ?,6337409022,5 dígitos
18214,20791,18214x20791 = ?,378687274,5 dígitos
12623,83799,12623x83799 = ?,1057794777,5 dígitos
79005,88294,79005x88294 = ?,6975667470,5 dígitos
47741,33629,47741x33629 = ?,1605482089,5 dígitos
56081,85129,56081x85129 = ?,4774119449,5 dígitos
49639,65139,49639x65139 = ?,3233434821,5 dígitos
72728,49439,72728x49439 = ?,3595599592,5 dígitos
73647,54046,73647x54046 = ?,3980325762,5 dígitos
98048,79955,98048x79955 = ?,7839427840,5 dígitos
69619,91913,69619x91913 = ?,6398891147,5 dígitos
36392,33566,36392x33566 = ?,1221533872,5 dígitos
54795,10070,54795x10070 = ?,551785650,5 dígitos
59891,50517,59891x50517 = ?,3025513647,5 dígitos
77695,60344,77695x60344 = ?,4688427080,5 dígitos
98635,59644,98635x59644 = ?,5882985940,5 dígitos
13358,98123,13358x98123 = ?,1310727034,5 dígitos
91871,75997,91871x75997 = ?,6981920387,5 dígitos
79901,58485,79901x58485 = ?,4673009985,5 dígitos
30817,32764,30817x32764 = ?,1009688188,5 dígitos
86312,87793,86312x87793 = ?,7577589416,5 dígitos
48764,30587,48764x30587 = ?,1491544468,5 dígitos
50603,26401,50603x26401 = ?,1335969803,5 dígitos
65352,87665,65352x87665 = ?,5729083080,5 dígitos
11705,85586,11705x85586 = ?,1001784130,5 dígitos
76699,49331,76699x49331 = ?,3783638369,5 dígitos
69716,53090,69716x53090 = ?,3701222440,5 dígitos
50011,33386,50011x33386 = ?,1669667246,5 dígitos
92192,63418,92192x63418 = ?,5846632256,5 dígitos
31183,29849,31183x29849 = ?,930781367,5 dígitos
72480,77006,72480x77006 = ?,5581394880,5 dígitos
87509,49381,87509x49381 = ?,4321281929,5 dígitos
30401,16223,30401x16223 = ?,493195423,5 dígitos
37843,77480,37843x77480 = ?,2932075640,5 dígitos
27440,76296,27440x76296 = ?,2093562240,5 dígitos
23312,68958,23312x68958 = ?,1607548896,5 dígitos
44960,16570,44960x16570 = ?,744987200,5 dígitos
13218,42309,13218x42309 = ?,559240362,5 dígitos
27777,14434,27777x14434 = ?,400933218,5 dígitos
45411,13840,45411x13840 = ?,628488240,5 dígitos
80870,11687,80870x11687 = ?,945127690,5 dígitos
25059,88798,25059x88798 = ?,2225189082,5 dígitos
61391,24999,61391x24999 = ?,1534713609,5 dígitos
15055,32696,15055x32696 = ?,492238280,5 dígitos
91056,78831,91056x78831 = ?,7178035536,5 dígitos
15561,18974,15561x18974 = ?,295254414,5 dígitos
55888,44672,55888x44672 = ?,2496628736,5 dígitos
68763,33714,68763x33714 = ?,2318275782,5 dígitos
24884,90413,24884x90413 = ?,2249837092,5 dígitos
45545,13871,45545x13871 = ?,631754695,5 dígitos
21657,77707,21657x77707 = ?,1682900499,5 dígitos
43965,58661,43965x58661 = ?,2579030865,5 dígitos
26200,19333,26200x19333 = ?,506524600,5 dígitos
66374,75528,66374x75528 = ?,5013095472,5 dígitos
88266,71725,88266x71725 = ?,6330878850,5 dígitos
69060,24168,69060x24168 = ?,1669042080,5 dígitos
35364,31329,35364x31329 = ?,1107918756,5 dígitos
97827,80642,97827x80642 = ?,7888964934,5 dígitos
21495,11487,21495x11487 = ?,246913065,5 dígitos
11190,66098,11190x66098 = ?,739636620,5 dígitos
21629,18759,21629x18759 = ?,405738411,5 dígitos
811645,156691,811645x156691 = ?,127177466695,6 dígitos
531030,908884,531030x908884 = ?,482644670520,6 dígitos
773967,761430,773967x761430 = ?,589321692810,6 dígitos
144857,109549,144857x109549 = ?,15868939493,6 dígitos
342905,396260,342905x396260 = ?,135879535300,6 dígitos
698043,848359,698043x848359 = ?,592191061437,6 dígitos
655628,685455,655628x685455 = ?,449403490740,6 dígitos
133248,138715,133248x138715 = ?,18483496320,6 dígitos
833964,743539,833964x743539 = ?,620084758596,6 dígitos
281521,954962,281521x954962 = ?,268841857202,6 dígitos
358097,504435,358097x504435 = ?,180636660195,6 dígitos
835530,815488,835530x815488 = ?,681364688640,6 dígitos
955892,627661,955892x627661 = ?,599976128612,6 dígitos
157367,627323,157367x627323 = ?,98719938541,6 dígitos
429732,398909,429732x398909 = ?,171423962388,6 dígitos
973770,499156,973770x499156 = ?,486063138120,6 dígitos
369207,701702,369207x701702 = ?,259073290314,6 dígitos
515117,773507,515117x773507 = ?,398446605319,6 dígitos
955459,917305,955459x917305 = ?,876447317995,6 dígitos
871830,907143,871830x907143 = ?,790874481690,6 dígitos
209332,364537,209332x364537 = ?,76309259284,6 dígitos
498689,766829,498689x766829 = ?,382409187181,6 dígitos
674250,280794,674250x280794 = ?,189325354500,6 dígitos
757968,847694,757968x847694 = ?,642524925792,6 dígitos
392593,746290,392593x746290 = ?,292988229970,6 dígitos
501291,296899,501291x296899 = ?,148832796609,6 dígitos
673817,675339,673817x675339 = ?,455054898963,6 dígitos
634560,878859,634560x878859 = ?,557688767040,6 dígitos
199710,641014,199710x641014 = ?,128016905940,6 dígitos
682461,626248,682461x626248 = ?,427389836328,6 dígitos
641132,839547,641132x839547 = ?,538260447204,6 dígitos
750459,162226,750459x162226 = ?,121743961734,6 dígitos
850692,521406,850692x521406 = ?,443555912952,6 dígitos
609489,454985,609489x454985 = ?,277308352665,6 dígitos
403120,772475,403120x772475 = ?,311400122000,6 dígitos
146787,745893,146787x745893 = ?,109487395791,6 dígitos
682418,225625,682418x225625 = ?,153970561250,6 dígitos
790390,249031,790390x249031 = ?,196831612090,6 dígitos
164891,882377,164891x882377 = ?,145496025907,6 dígitos
601573,367415,601573x367415 = ?,221026943795,6 dígitos
401717,972781,401717x972781 = ?,390782664977,6 dígitos
752439,500280,752439x500280 = ?,376430182920,6 dígitos
649008,823066,649008x823066 = ?,534176418528,6 dígitos
807698,374430,807698x374430 = ?,302426362140,6 dígitos
715277,920130,715277x920130 = ?,658147826010,6 dígitos
924528,155863,924528x155863 = ?,144099707664,6 dígitos
170939,518497,170939x518497 = ?,88631358683,6 dígitos
145601,463584,145601x463584 = ?,67498293984,6 dígitos
946446,282143,946446x282143 = ?,267033113778,6 dígitos
204066,960602,204066x960602 = ?,196026207732,6 dígitos
430773,129097,430773x129097 = ?,55611501981,6 dígitos
307235,590958,307235x590958 = ?,181562981130,6 dígitos
149251,189830,149251x189830 = ?,28332317330,6 dígitos
427285,609707,427285x609707 = ?,260518655495,6 dígitos
996292,850319,996292x850319 = ?,847166017148,6 dígitos
269512,380638,269512x380638 = ?,102586508656,6 dígitos
945126,949374,945126x949374 = ?,897278051124,6 dígitos
408100,195576,408100x195576 = ?,79814565600,6 dígitos
726192,384571,726192x384571 = ?,279272383632,6 dígitos
929302,683578,929302x683578 = ?,635250402556,6 dígitos
131156,770489,131156x770489 = ?,101054255284,6 dígitos
349948,668635,349948x668635 = ?,233987480980,6 dígitos
404666,280816,404666x280816 = ?,113636687456,6 dígitos
336581,691183,336581x691183 = ?,232639065323,6 dígitos
216616,656831,216616x656831 = ?,142280103896,6 dígitos
193952,922792,193952x922792 = ?,178977353984,6 dígitos
283750,238987,283750x238987 = ?,67812561250,6 dígitos
109124,960914,109124x960914 = ?,104858779336,6 dígitos
180748,616603,180748x616603 = ?,111449759044,6 dígitos
245918,167748,245918x167748 = ?,41252252664,6 dígitos
420637,152006,420637x152006 = ?,63939347822,6 dígitos
819491,132688,819491x132688 = ?,108736621808,6 dígitos
330820,804393,330820x804393 = ?,266109292260,6 dígitos
181008,632322,181008x632322 = ?,114455340576,6 dígitos
357543,838547,357543x838547 = ?,299816610021,6 dígitos
429542,857108,429542x857108 = ?,368163884536,6 dígitos
944990,543969,944990x543969 = ?,514045265310,6 dígitos
905157,244019,905157x244019 = ?,220875505983,6 dígitos
300349,139087,300349x139087 = ?,41774641363,6 dígitos
521592,521897,521592x521897 = ?,272217300024,6 dígitos
575835,696048,575835x696048 = ?,400808800080,6 dígitos
685608,513546,685608x513546 = ?,352091245968,6 dígitos
997849,626239,997849x626239 = ?,624891959911,6 dígitos
232183,672683,232183x672683 = ?,156185556989,6 dígitos
225346,668564,225346x668564 = ?,150658223144,6 dígitos
507914,297550,507914x297550 = ?,151129810700,6 dígitos
937101,742704,937101x742704 = ?,695988661104,6 dígitos
468412,238808,468412x238808 = ?,111860532896,6 dígitos
672707,457858,672707x457858 = ?,308004281606,6 dígitos
238246,126258,238246x126258 = ?,30080463468,6 dígitos
835726,509115,835726x509115 = ?,425480642490,6 dígitos
326920,874357,326920x874357 = ?,285844790440,6 dígitos
820788,174244,820788x174244 = ?,143017384272,6 dígitos
148236,905040,148236x905040 = ?,134159509440,6 dígitos
209023,252019,209023x252019 = ?,52677767437,6 dígitos
135704,132043,135704x132043 = ?,17918763272,6 dígitos
481871,228139,481871x228139 = ?,109933568069,6 dígitos
333076,944076,333076x944076 = ?,314449057776,6 dígitos
906450,139409,906450x139409 = ?,126367288050,6 dígitos
540324,857150,540324x857150 = ?,463138716600,6 dígitos
5653761,5664108,5653761x5664108 = ?,32023512910188,7 dígitos
1377527,5397720,1377527x5397720 = ?,7435505038440,7 dígitos
3062649,6879080,3062649x6879080 = ?,21068207482920,7 dígitos
2014419,5528698,2014419x5528698 = ?,11137114296462,7 dígitos
7178499,4480436,7178499x4480436 = ?,32162805345564,7 dígitos
6110054,3145990,6110054x3145990 = ?,19222168783460,7 dígitos
4837890,4206343,4837890x4206343 = ?,20349824736270,7 dígitos
4127751,1446592,4127751x1446592 = ?,5971171574592,7 dígitos
7809962,4164277,7809962x4164277 = ?,32522845127474,7 dígitos
6126356,2181926,6126356x2181926 = ?,13367255441656,7 dígitos
2727777,3576788,2727777x3576788 = ?,9756680040276,7 dígitos
8796911,2921184,8796911x2921184 = ?,25697395662624,7 dígitos
6048183,4313766,6048183x4313766 = ?,26090446187178,7 dígitos
6220280,1738830,6220280x1738830 = ?,10816009472400,7 dígitos
1123336,4494557,1123336x4494557 = ?,5048897682152,7 dígitos
3431602,9411387,3431602x9411387 = ?,32296134451974,7 dígitos
7649647,4794772,7649647x4794772 = ?,36678313245484,7 dígitos
6771260,9523977,6771260x9523977 = ?,64489324501020,7 dígitos
1458953,5844645,1458953x5844645 = ?,8527062356685,7 dígitos
3444478,6292083,3444478x6292083 = ?,21672941467674,7 dígitos
4698026,8632463,4698026x8632463 = ?,40555535618038,7 dígitos
1646513,2903464,1646513x2903464 = ?,4780591221032,7 dígitos
7761479,6687710,7761479x6687710 = ?,51906520723090,7 dígitos
7670653,9261537,7670653x9261537 = ?,71042036573661,7 dígitos
1079611,8537619,1079611x8537619 = ?,9217307386209,7 dígitos
2414084,6549146,2414084x6549146 = ?,15810188572264,7 dígitos
3628900,6368862,3628900x6368862 = ?,23111963311800,7 dígitos
1976032,9831824,1976032x9831824 = ?,19427998842368,7 dígitos
7056943,1012328,7056943x1012328 = ?,7143940993304,7 dígitos
2078500,3084602,2078500x3084602 = ?,6411345257000,7 dígitos
9868728,1978512,9868728x1978512 = ?,19525396772736,7 dígitos
9988271,9277521,9988271x9277521 = ?,92666393956191,7 dígitos
1692109,7428559,1692109x7428559 = ?,12569931540931,7 dígitos
6103078,6916354,6103078x6916354 = ?,42211047937612,7 dígitos
2126095,7735131,2126095x7735131 = ?,16445623343445,7 dígitos
8922055,2101198,8922055x2101198 = ?,18747004121890,7 dígitos
8604113,5157100,8604113x5157100 = ?,44372271152300,7 dígitos
7896698,4228395,7896698x4228395 = ?,33390358339710,7 dígitos
4467201,4965861,4467201x4965861 = ?,22183499225061,7 dígitos
9185733,2101270,9185733x2101270 = ?,19301705180910,7 dígitos
1261721,5213241,1261721x5213241 = ?,6577655647761,7 dígitos
1604949,8755859,1604949x8755859 = ?,14052707146191,7 dígitos
8314717,1224671,8314717x1224671 = ?,10182792783107,7 dígitos
5097830,2357669,5097830x2357669 = ?,12018995758270,7 dígitos
9420637,5739866,9420637x5739866 = ?,54073194014642,7 dígitos
8727021,8608790,8727021x8608790 = ?,75129091114590,7 dígitos
9992232,6669826,9992232x6669826 = ?,66646448791632,7 dígitos
8432014,2780315,8432014x2780315 = ?,23443655004410,7 dígitos
9394151,1630409,9394151x1630409 = ?,15316308337759,7 dígitos
1640685,9540117,1640685x9540117 = ?,15652326860145,7 dígitos
6291814,8467749,6291814x8467749 = ?,53277501706686,7 dígitos
8458915,9108971,8458915x9108971 = ?,77052011426465,7 dígitos
3967361,9627928,3967361x9627928 = ?,38197466058008,7 dígitos
8707813,9283461,8707813x9283461 = ?,80838642380793,7 dígitos
3022094,3547348,3022094x3547348 = ?,10720419106712,7 dígitos
9224825,1720979,9224825x1720979 = ?,15875730103675,7 dígitos
3046348,7354506,3046348x7354506 = ?,22404384644088,7 dígitos
6034051,8312052,6034051x8312052 = ?,50155345682652,7 dígitos
6033785,1192677,6033785x1192677 = ?,7196356592445,7 dígitos
9408461,3443608,9408461x3443608 = ?,32399051567288,7 dígitos
2638674,4356795,2638674x4356795 = ?,11496161689830,7 dígitos
7263889,4072240,7263889x4072240 = ?,29580299341360,7 dígitos
8454436,7635445,8454436x7635445 = ?,64553381084020,7 dígitos
6114696,4325979,6114696x4325979 = ?,26452046487384,7 dígitos
9507093,3968448,9507093x3968448 = ?,37728404201664,7 dígitos
5318091,6157955,5318091x6157955 = ?,32748565063905,7 dígitos
2727959,6766590,2727959x6766590 = ?,18458980089810,7 dígitos
1335292,6656570,1335292x6656570 = ?,8888464668440,7 dígitos
5279936,5593360,5279936x5593360 = ?,29532582824960,7 dígitos
5288130,9314034,5288130x9314034 = ?,49253822616420,7 dígitos
3002946,1928631,3002946x1928631 = ?,5791574746926,7 dígitos
2173649,4476117,2173649x4476117 = ?,9729507240933,7 dígitos
1821074,6976389,1821074x6976389 = ?,12704520621786,7 dígitos
1260925,6311468,1260925x6311468 = ?,7958287787900,7 dígitos
5129294,3879477,5129294x3879477 = ?,19898978099238,7 dígitos
8043768,5440740,8043768x5440740 = ?,43764050308320,7 dígitos
4119123,7936198,4119123x7936198 = ?,32690175714354,7 dígitos
9643762,6736505,9643762x6736505 = ?,64965250931810,7 dígitos
2302536,7883360,2302536x7883360 = ?,18151720200960,7 dígitos
7425735,8162742,7425735x8162742 = ?,60614358965370,7 dígitos
2994465,6024559,2994465x6024559 = ?,18040331065935,7 dígitos
7391870,7226296,7391870x7226296 = ?,53415840613520,7 dígitos
2720138,1974930,2720138x1974930 = ?,5372082140340,7 dígitos
3494728,8910616,3494728x8910616 = ?,31140179232448,7 dígitos
1485012,6684938,1485012x6684938 = ?,9927213149256,7 dígitos
9415115,6147569,9415115x6147569 = ?,57880069105435,7 dígitos
5567502,8775749,5567502x8775749 = ?,48859000108998,7 dígitos
1998800,7680376,1998800x7680376 = ?,15351535548800,7 dígitos
9851780,6791967,9851780x6791967 = ?,66912964651260,7 dígitos
9175471,7217394,9175471x7217394 = ?,66222989342574,7 dígitos
7048322,9894158,7048322x9894158 = ?,69737211502876,7 dígitos
4670191,4536991,4670191x4536991 = ?,21188614535281,7 dígitos
9358727,4232772,9358727x4232772 = ?,39613357601244,7 dígitos
1788334,4695668,1788334x4695668 = ?,8397422737112,7 dígitos
4827472,3885508,4827472x3885508 = ?,18757181075776,7 dígitos
4080026,8960084,4080026x8960084 = ?,36557375682184,7 dígitos
5726445,1965665,5726445x1965665 = ?,11256272510925,7 dígitos
9254414,8446809,9254414x8446809 = ?,78170267464926,7 dígitos
5956962,5815682,5956962x5815682 = ?,34643796678084,7 dígitos
1264616,4488136,1264616x4488136 = ?,5675768595776,7 dígitos
35735331,10068019,35735331x10068019 = ?,359783991479289,8 dígitos
41919991,79432281,41919991x79432281 = ?,3329800504629471,8 dígitos
77516937,12848745,77516937x12848745 = ?,995995356694065,8 dígitos
26340195,88677968,26340195x88677968 = ?,2335794969323760,8 dígitos
88728522,70204654,88728522x70204654 = ?,6229155186941388,8 dígitos
66914334,37429451,66914334x37429451 = ?,2504566785650634,8 dígitos
53903128,37443255,53903128x37443255 = ?,2018308567001640,8 dígitos
75250764,43725597,75250764x43725597 = ?,3290384580606108,8 dígitos
98535298,82081950,98535298x82081950 = ?,8087969403671100,8 dígitos
91962111,61307732,91962111x61307732 = ?,5637988455342252,8 dígitos
90319533,99678498,90319533x99678498 = ?,9002915389501434,8 dígitos
18797047,80039132,18797047x80039132 = ?,1504499326043204,8 dígitos
47249164,19144093,47249164x19144093 = ?,904542389788252,8 dígitos
28113674,82302147,28113674x82302147 = ?,2313815730258078,8 dígitos
29415281,78580757,29415281x78580757 = ?,2311475048347717,8 dígitos
87843809,69807197,87843809x69807197 = ?,6132130080093373,8 dígitos
40055492,15628318,40055492x15628318 = ?,625999966622456,8 dígitos
90702806,88099970,90702806x88099970 = ?,7990914487515820,8 dígitos
24659746,73164756,24659746x73164756 = ?,1804224299111976,8 dígitos
56082900,60471433,56082900x60471433 = ?,3391413329795700,8 dígitos
22741882,74324043,22741882x74324043 = ?,1690268615668926,8 dígitos
85926358,67429462,85926358x67429462 = ?,5793968091559396,8 dígitos
99474958,93743385,99474958x93743385 = ?,9325119285652830,8 dígitos
38340635,39575564,38340635x39575564 = ?,1517352254243140,8 dígitos
12820194,95374436,12820194x95374436 = ?,1222718772160584,8 dígitos
23762597,79044995,23762597x79044995 = ?,1878314361052015,8 dígitos
97146701,90781831,97146701x90781831 = ?,8819155392389531,8 dígitos
79697121,12001912,79697121x12001912 = ?,956517832895352,8 dígitos
26713432,81825754,26713432x81825754 = ?,2185846715327728,8 dígitos
15513018,47862458,15513018x47862458 = ?,742491172478244,8 dígitos
79316985,60903453,79316985x60903453 = ?,4830678268049205,8 dígitos
47207525,99206328,47207525x99206328 = ?,4683285209218200,8 dígitos
86578807,87544823,86578807x87544823 = ?,7579526334366161,8 dígitos
23404297,40533753,23404297x40533753 = ?,948663993736641,8 dígitos
40341774,95368054,40341774x95368054 = ?,3847316481287796,8 dígitos
97713279,68327448,97713279x68327448 = ?,6676498989781992,8 dígitos
77626125,53163288,77626125x53163288 = ?,4126860039699000,8 dígitos
81297386,46373825,81297386x46373825 = ?,3770070751321450,8 dígitos
90541020,13476783,90541020x13476783 = ?,1220201679138660,8 dígitos
73739777,56092412,73739777x56092412 = ?,4136241952272124,8 dígitos
39936062,31314867,39936062x31314867 = ?,1250592470033754,8 dígitos
57012935,93939683,57012935x93939683 = ?,5355777040799605,8 dígitos
29425754,22344315,29425754x22344315 = ?,657498316488510,8 dígitos
44013466,46622953,44013466x46622953 = ?,2052037756685098,8 dígitos
99541526,99445564,99541526x99445564 = ?,9898963194490664,8 dígitos
73693994,46253847,73693994x46253847 = ?,3408630723294918,8 dígitos
89985208,23124632,89985208x23124632 = ?,2080874820443456,8 dígitos
98440595,56048430,98440595x56048430 = ?,5517440798015850,8 dígitos
85189932,35336694,85189932x35336694 = ?,3010330558964808,8 dígitos
72529236,74861598,72529236x74861598 = ?,5429654508679128,8 dígitos
73739488,37125871,73739488x37125871 = ?,2737642719094048,8 dígitos
96530464,16950004,96530464x16950004 = ?,1636191750921856,8 dígitos
39159911,83856992,39159911x83856992 = ?,3283832343447712,8 dígitos
33170476,63071757,33170476x63071757 = ?,2092120201846332,8 dígitos
41406850,64707417,41406850x64707417 = ?,2679330309606450,8 dígitos
70813305,66988375,70813305x66988375 = ?,4743668230329375,8 dígitos
26764284,53656715,26764284x53656715 = ?,1436083558767060,8 dígitos
63107332,90672820,63107332x90672820 = ?,5722119755116240,8 dígitos
60304580,81918155,60304580x81918155 = ?,4940039931649900,8 dígitos
33637642,19252699,33637642x19252699 = ?,647615396495758,8 dígitos
81270013,78058650,81270013x78058650 = ?,6343827500262450,8 dígitos
14356866,88351892,14356866x88351892 = ?,1268456274290472,8 dígitos
23650570,18713116,23650570x18713116 = ?,442575859876120,8 dígitos
10973257,46237262,10973257x46237262 = ?,507373358902334,8 dígitos
37174512,13744895,37174512x13744895 = ?,510959764116240,8 dígitos
76516523,82792476,76516523x82792476 = ?,6334992394080948,8 dígitos
98019942,51041303,98019942x51041303 = ?,5003065559664426,8 dígitos
98232556,62826743,98232556x62826743 = ?,6171631550045108,8 dígitos
70259097,74764106,70259097x74764106 = ?,5252858575572282,8 dígitos
68993922,72134958,68993922x72134958 = ?,4976873665725276,8 dígitos
60493421,54412960,60493421x54412960 = ?,3291626097136160,8 dígitos
73226608,59136272,73226608x59136272 = ?,4330348608325376,8 dígitos
21432231,88587179,21432231x88587179 = ?,1898620883966349,8 dígitos
97130734,50397059,97130734x50397059 = ?,4895103332111306,8 dígitos
80154595,82491759,80154595x82491759 = ?,6612093533482605,8 dígitos
41818144,17563967,41818144x17563967 = ?,734492501217248,8 dígitos
63077853,49018931,63077853x49018931 = ?,3092008923835143,8 dígitos
67329837,71836635,67329837x71836635 = ?,4836748925178495,8 dígitos
82538988,24668987,82538988x24668987 = ?,2036153221965156,8 dígitos
24585953,38515337,24585953x38515337 = ?,946936265261161,8 dígitos
27903541,42653542,27903541x42653542 = ?,1190184857992222,8 dígitos
68603568,93298475,68603568x93298475 = ?,6400608273958800,8 dígitos
70199411,42813851,70199411x42813851 = ?,3005507122841761,8 dígitos
11183910,74389593,11183910x74389593 = ?,831966513048630,8 dígitos
15270297,51956480,15270297x51956480 = ?,793390880674560,8 dígitos
30593749,21863638,30593749x21863638 = ?,668890653198862,8 dígitos
36344920,56542727,36344920x56542727 = ?,2055040889396840,8 dígitos
97227297,14648316,97227297x14648316 = ?,1424216170281852,8 dígitos
51677683,83167758,51677683x83167758 = ?,4297917033744714,8 dígitos
57765569,81478204,57765569x81478204 = ?,4706634815158076,8 dígitos
46649129,36299746,46649129x36299746 = ?,1693351533821234,8 dígitos
58436141,90600054,58436141x90600054 = ?,5294317530151614,8 dígitos
14234316,39381955,14234316x39381955 = ?,560575192167780,8 dígitos
67298907,57935638,67298907x57935638 = ?,3899005113747666,8 dígitos
86734066,74962705,86734066x74962705 = ?,6501820203008530,8 dígitos
48400660,99328486,48400660x99328486 = ?,4807564279200760,8 dígitos
75125005,35954636,75125005x35954636 = ?,2701092209273180,8 dígitos
56482225,97056076,56482225x97056076 = ?,5481943122249100,8 dígitos
52345735,94227971,52345735x94227971 = ?,4932432399553685,8 dígitos
88448663,42673147,88448663x42673147 = ?,3774382798152461,8 dígitos
